COUNTRY_REGION|STATE|DATE|CONFIRMED_HM|DEATHS_HM|RECOVERED_HM|ACTIVE_HM|DELTA_CONFIRMED_HM|DELTA_DEATHS_HM|DELTA_RECOVERED_HM|DELTA_ACTIVE_HM|UCI_HM|DELTA_UCI_HM|TESTS_HM|DELTA_TESTS_HM|LAST_UPDATE
Mexico|COLIMA|2020-05-22|91.0|12.0|40.0|39.0|||||||||2020-06-04
Mexico|DURANGO|2020-05-22|194.0|23.0|125.0|46.0|||||||||2020-06-04
Mexico|ZACATECAS|2020-05-22|213.0|27.0|140.0|46.0|||||||||2020-06-04
Mexico|CAMPECHE|2020-05-22|354.0|50.0|210.0|94.0|||||||||2020-06-04
Mexico|NAYARIT|2020-05-22|362.0|38.0|212.0|112.0|||||||||2020-06-04
Mexico|BAJA CALIFORNIA SUR|2020-05-22|502.0|29.0|406.0|67.0|||||||||2020-06-04
Mexico|SAN LUIS POTOSI|2020-05-22|558.0|25.0|339.0|194.0|||||||||2020-06-04
Mexico|AGUASCALIENTES|2020-05-22|586.0|21.0|402.0|163.0|||||||||2020-06-04
Mexico|QUERETARO|2020-05-22|592.0|61.0|247.0|284.0|||||||||2020-06-04
Mexico|TLAXCALA|2020-05-22|677.0|117.0|363.0|197.0|||||||||2020-06-04
Mexico|COAHUILA DE ZARAGOZA|2020-05-22|772.0|62.0|578.0|132.0|||||||||2020-06-04
Mexico|OAXACA|2020-05-22|808.0|89.0|360.0|359.0|||||||||2020-06-04
Mexico|CHIAPAS|2020-05-22|895.0|64.0|441.0|390.0|||||||||2020-06-04
Mexico|GUANAJUATO|2020-05-22|897.0|84.0|517.0|296.0|||||||||2020-06-04
Mexico|GUERRERO|2020-05-22|984.0|147.0|599.0|238.0|||||||||2020-06-04
Mexico|JALISCO|2020-05-22|1028.0|96.0|620.0|312.0|||||||||2020-06-04
Mexico|NUEVO LEON|2020-05-22|1036.0|58.0|645.0|333.0|||||||||2020-06-04
Mexico|CHIHUAHUA|2020-05-22|1093.0|224.0|746.0|123.0|||||||||2020-06-04
Mexico|HIDALGO|2020-05-22|1097.0|193.0|510.0|394.0|||||||||2020-06-04
Mexico|TAMAULIPAS|2020-05-22|1105.0|76.0|791.0|238.0|||||||||2020-06-04
Mexico|SONORA|2020-05-22|1124.0|53.0|774.0|297.0|||||||||2020-06-04
Mexico|MICHOACAN DE OCAMPO|2020-05-22|1163.0|107.0|703.0|353.0|||||||||2020-06-04
Mexico|MORELOS|2020-05-22|1164.0|210.0|704.0|250.0|||||||||2020-06-04
Mexico|YUCATAN|2020-05-22|1323.0|100.0|835.0|388.0|||||||||2020-06-04
Mexico|QUINTANA ROO|2020-05-22|1450.0|280.0|949.0|221.0|||||||||2020-06-04
Mexico|PUEBLA|2020-05-22|1803.0|244.0|1096.0|463.0|||||||||2020-06-04
Mexico|SINALOA|2020-05-22|2243.0|354.0|1525.0|364.0|||||||||2020-06-04
Mexico|VERACRUZ DE IGNACIO DE LA LLAVE|2020-05-22|2430.0|292.0|1548.0|590.0|||||||||2020-06-04
Mexico|TABASCO|2020-05-22|2824.0|361.0|1796.0|667.0|||||||||2020-06-04
Mexico|BAJA CALIFORNIA|2020-05-22|3780.0|637.0|2603.0|540.0|||||||||2020-06-04
Mexico|MEXICO|2020-05-22|9661.0|622.0|7663.0|1376.0|||||||||2020-06-04
Mexico|CIUDAD DE MEXICO|2020-05-22|16758.0|1754.0|11665.0|3339.0|||||||||2020-06-04
Mexico|TOTAL|2020-05-22|59567.0|6510.0|40152.0|12905.0|||||||||2020-06-04
Mexico|COLIMA|2020-05-23|97.0|14.0|44.0|39.0|6.0|2.0|4.0|0.0|||||2020-06-04
Mexico|DURANGO|2020-05-23|211.0|26.0|132.0|53.0|17.0|3.0|7.0|7.0|||||2020-06-04
Mexico|ZACATECAS|2020-05-23|223.0|27.0|146.0|50.0|10.0|0.0|6.0|4.0|||||2020-06-04
Mexico|CAMPECHE|2020-05-23|378.0|50.0|228.0|100.0|24.0|0.0|18.0|6.0|||||2020-06-04
Mexico|NAYARIT|2020-05-23|381.0|40.0|223.0|118.0|19.0|2.0|11.0|6.0|||||2020-06-04
Mexico|BAJA CALIFORNIA SUR|2020-05-23|504.0|31.0|412.0|61.0|2.0|2.0|6.0|-6.0|||||2020-06-04
Mexico|SAN LUIS POTOSI|2020-05-23|595.0|26.0|371.0|198.0|37.0|1.0|32.0|4.0|||||2020-06-04
Mexico|AGUASCALIENTES|2020-05-23|609.0|25.0|405.0|179.0|23.0|4.0|3.0|16.0|||||2020-06-04
Mexico|QUERETARO|2020-05-23|633.0|69.0|273.0|291.0|41.0|8.0|26.0|7.0|||||2020-06-04
Mexico|TLAXCALA|2020-05-23|691.0|119.0|393.0|179.0|14.0|2.0|30.0|-18.0|||||2020-06-04
Mexico|COAHUILA DE ZARAGOZA|2020-05-23|813.0|64.0|598.0|151.0|41.0|2.0|20.0|19.0|||||2020-06-04
Mexico|OAXACA|2020-05-23|902.0|93.0|404.0|405.0|94.0|4.0|44.0|46.0|||||2020-06-04
Mexico|GUANAJUATO|2020-05-23|948.0|85.0|556.0|307.0|51.0|1.0|39.0|11.0|||||2020-06-04
Mexico|CHIAPAS|2020-05-23|971.0|67.0|485.0|419.0|76.0|3.0|44.0|29.0|||||2020-06-04
Mexico|GUERRERO|2020-05-23|1020.0|154.0|638.0|228.0|36.0|7.0|39.0|-10.0|||||2020-06-04
Mexico|NUEVO LEON|2020-05-23|1089.0|62.0|688.0|339.0|53.0|4.0|43.0|6.0|||||2020-06-04
Mexico|JALISCO|2020-05-23|1095.0|102.0|637.0|356.0|67.0|6.0|17.0|44.0|||||2020-06-04
Mexico|CHIHUAHUA|2020-05-23|1121.0|245.0|760.0|116.0|28.0|21.0|14.0|-7.0|||||2020-06-04
Mexico|TAMAULIPAS|2020-05-23|1126.0|80.0|807.0|239.0|21.0|4.0|16.0|1.0|||||2020-06-04
Mexico|MORELOS|2020-05-23|1134.0|228.0|686.0|220.0|-30.0|18.0|-18.0|-30.0|||||2020-06-04
Mexico|HIDALGO|2020-05-23|1136.0|201.0|550.0|385.0|39.0|8.0|40.0|-9.0|||||2020-06-04
Mexico|SONORA|2020-05-23|1194.0|56.0|825.0|313.0|70.0|3.0|51.0|16.0|||||2020-06-04
Mexico|MICHOACAN DE OCAMPO|2020-05-23|1249.0|110.0|763.0|376.0|86.0|3.0|60.0|23.0|||||2020-06-04
Mexico|YUCATAN|2020-05-23|1365.0|109.0|872.0|384.0|42.0|9.0|37.0|-4.0|||||2020-06-04
Mexico|QUINTANA ROO|2020-05-23|1530.0|283.0|1027.0|220.0|80.0|3.0|78.0|-1.0|||||2020-06-04
Mexico|PUEBLA|2020-05-23|1859.0|244.0|1141.0|474.0|56.0|0.0|45.0|11.0|||||2020-06-04
Mexico|SINALOA|2020-05-23|2328.0|366.0|1584.0|378.0|85.0|12.0|59.0|14.0|||||2020-06-04
Mexico|VERACRUZ DE IGNACIO DE LA LLAVE|2020-05-23|2601.0|331.0|1638.0|632.0|171.0|39.0|90.0|42.0|||||2020-06-04
Mexico|TABASCO|2020-05-23|2930.0|371.0|1909.0|650.0|106.0|10.0|113.0|-17.0|||||2020-06-04
Mexico|BAJA CALIFORNIA|2020-05-23|3944.0|648.0|2741.0|555.0|164.0|11.0|138.0|15.0|||||2020-06-04
Mexico|MEXICO|2020-05-23|10160.0|809.0|7914.0|1437.0|499.0|187.0|251.0|61.0|||||2020-06-04
Mexico|CIUDAD DE MEXICO|2020-05-23|17690.0|1854.0|12341.0|3495.0|932.0|100.0|676.0|156.0|||||2020-06-04
Mexico|TOTAL|2020-05-23|62527.0|6989.0|42191.0|13347.0|2960.0|479.0|2039.0|442.0|||||2020-06-04
Mexico|COLIMA|2020-05-24|100.0|14.0|47.0|39.0|3.0|0.0|3.0|0.0|||||2020-06-04
Mexico|DURANGO|2020-05-24|217.0|26.0|139.0|52.0|6.0|0.0|7.0|-1.0|||||2020-06-04
Mexico|ZACATECAS|2020-05-24|230.0|27.0|148.0|55.0|7.0|0.0|2.0|5.0|||||2020-06-04
Mexico|NAYARIT|2020-05-24|404.0|41.0|239.0|124.0|23.0|1.0|16.0|6.0|||||2020-06-04
Mexico|CAMPECHE|2020-05-24|406.0|54.0|240.0|112.0|28.0|4.0|12.0|12.0|||||2020-06-04
Mexico|BAJA CALIFORNIA SUR|2020-05-24|521.0|31.0|416.0|74.0|17.0|0.0|4.0|13.0|||||2020-06-04
Mexico|AGUASCALIENTES|2020-05-24|614.0|26.0|412.0|176.0|5.0|1.0|7.0|-3.0|||||2020-06-04
Mexico|SAN LUIS POTOSI|2020-05-24|640.0|26.0|399.0|215.0|45.0|0.0|28.0|17.0|||||2020-06-04
Mexico|QUERETARO|2020-05-24|669.0|69.0|298.0|302.0|36.0|0.0|25.0|11.0|||||2020-06-04
Mexico|TLAXCALA|2020-05-24|749.0|121.0|413.0|215.0|58.0|2.0|20.0|36.0|||||2020-06-04
Mexico|COAHUILA DE ZARAGOZA|2020-05-24|816.0|64.0|617.0|135.0|3.0|0.0|19.0|-16.0|||||2020-06-04
Mexico|OAXACA|2020-05-24|964.0|93.0|437.0|434.0|62.0|0.0|33.0|29.0|||||2020-06-04
Mexico|GUANAJUATO|2020-05-24|1028.0|85.0|595.0|348.0|80.0|0.0|39.0|41.0|||||2020-06-04
Mexico|CHIAPAS|2020-05-24|1050.0|68.0|543.0|439.0|79.0|1.0|58.0|20.0|||||2020-06-04
Mexico|GUERRERO|2020-05-24|1086.0|163.0|689.0|234.0|66.0|9.0|51.0|6.0|||||2020-06-04
Mexico|NUEVO LEON|2020-05-24|1120.0|62.0|719.0|339.0|31.0|0.0|31.0|0.0|||||2020-06-04
Mexico|JALISCO|2020-05-24|1132.0|102.0|670.0|360.0|37.0|0.0|33.0|4.0|||||2020-06-04
Mexico|CHIHUAHUA|2020-05-24|1170.0|246.0|791.0|133.0|49.0|1.0|31.0|17.0|||||2020-06-04
Mexico|MORELOS|2020-05-24|1171.0|238.0|712.0|221.0|37.0|10.0|26.0|1.0|||||2020-06-04
Mexico|TAMAULIPAS|2020-05-24|1183.0|82.0|834.0|267.0|57.0|2.0|27.0|28.0|||||2020-06-04
Mexico|HIDALGO|2020-05-24|1192.0|212.0|584.0|396.0|56.0|11.0|34.0|11.0|||||2020-06-04
Mexico|SONORA|2020-05-24|1264.0|63.0|879.0|322.0|70.0|7.0|54.0|9.0|||||2020-06-04
Mexico|MICHOACAN DE OCAMPO|2020-05-24|1330.0|115.0|804.0|411.0|81.0|5.0|41.0|35.0|||||2020-06-04
Mexico|YUCATAN|2020-05-24|1419.0|110.0|910.0|399.0|54.0|1.0|38.0|15.0|||||2020-06-04
Mexico|QUINTANA ROO|2020-05-24|1580.0|288.0|1066.0|226.0|50.0|5.0|39.0|6.0|||||2020-06-04
Mexico|PUEBLA|2020-05-24|2015.0|251.0|1212.0|552.0|156.0|7.0|71.0|78.0|||||2020-06-04
Mexico|SINALOA|2020-05-24|2438.0|380.0|1642.0|416.0|110.0|14.0|58.0|38.0|||||2020-06-04
Mexico|VERACRUZ DE IGNACIO DE LA LLAVE|2020-05-24|2689.0|341.0|1746.0|602.0|88.0|10.0|108.0|-30.0|||||2020-06-04
Mexico|TABASCO|2020-05-24|3044.0|387.0|1996.0|661.0|114.0|16.0|87.0|11.0|||||2020-06-04
Mexico|BAJA CALIFORNIA|2020-05-24|4097.0|653.0|2826.0|618.0|153.0|5.0|85.0|63.0|||||2020-06-04
Mexico|MEXICO|2020-05-24|10606.0|842.0|8289.0|1475.0|446.0|33.0|375.0|38.0|||||2020-06-04
Mexico|CIUDAD DE MEXICO|2020-05-24|18912.0|1899.0|13112.0|3901.0|1222.0|45.0|771.0|406.0|||||2020-06-04
Mexico|TOTAL|2020-05-24|65856.0|7179.0|44424.0|14253.0|3329.0|190.0|2233.0|906.0|||||2020-06-04
Mexico|COLIMA|2020-05-25|112.0|14.0|50.0|48.0|12.0|0.0|3.0|9.0|||||2020-06-04
Mexico|DURANGO|2020-05-25|233.0|26.0|142.0|65.0|16.0|0.0|3.0|13.0|||||2020-06-04
Mexico|ZACATECAS|2020-05-25|236.0|27.0|159.0|50.0|6.0|0.0|11.0|-5.0|||||2020-06-04
Mexico|NAYARIT|2020-05-25|421.0|42.0|257.0|122.0|17.0|1.0|18.0|-2.0|||||2020-06-04
Mexico|CAMPECHE|2020-05-25|429.0|54.0|262.0|113.0|23.0|0.0|22.0|1.0|||||2020-06-04
Mexico|BAJA CALIFORNIA SUR|2020-05-25|533.0|31.0|426.0|76.0|12.0|0.0|10.0|2.0|||||2020-06-04
Mexico|AGUASCALIENTES|2020-05-25|616.0|26.0|433.0|157.0|2.0|0.0|21.0|-19.0|||||2020-06-04
Mexico|QUERETARO|2020-05-25|688.0|75.0|332.0|281.0|19.0|6.0|34.0|-21.0|||||2020-06-04
Mexico|SAN LUIS POTOSI|2020-05-25|692.0|36.0|422.0|234.0|52.0|10.0|23.0|19.0|||||2020-06-04
Mexico|TLAXCALA|2020-05-25|782.0|122.0|450.0|210.0|33.0|1.0|37.0|-5.0|||||2020-06-04
Mexico|COAHUILA DE ZARAGOZA|2020-05-25|824.0|65.0|635.0|124.0|8.0|1.0|18.0|-11.0|||||2020-06-04
Mexico|OAXACA|2020-05-25|1001.0|100.0|495.0|406.0|37.0|7.0|58.0|-28.0|||||2020-06-04
Mexico|GUANAJUATO|2020-05-25|1054.0|88.0|620.0|346.0|26.0|3.0|25.0|-2.0|||||2020-06-04
Mexico|NUEVO LEON|2020-05-25|1149.0|62.0|756.0|331.0|29.0|0.0|37.0|-8.0|||||2020-06-04
Mexico|CHIAPAS|2020-05-25|1164.0|69.0|605.0|490.0|114.0|1.0|62.0|51.0|||||2020-06-04
Mexico|JALISCO|2020-05-25|1180.0|107.0|703.0|370.0|48.0|5.0|33.0|10.0|||||2020-06-04
Mexico|CHIHUAHUA|2020-05-25|1186.0|249.0|823.0|114.0|16.0|3.0|32.0|-19.0|||||2020-06-04
Mexico|GUERRERO|2020-05-25|1205.0|168.0|744.0|293.0|119.0|5.0|55.0|59.0|||||2020-06-04
Mexico|TAMAULIPAS|2020-05-25|1212.0|83.0|867.0|262.0|29.0|1.0|33.0|-5.0|||||2020-06-04
Mexico|MORELOS|2020-05-25|1213.0|236.0|745.0|232.0|42.0|-2.0|33.0|11.0|||||2020-06-04
Mexico|HIDALGO|2020-05-25|1243.0|212.0|638.0|393.0|51.0|0.0|54.0|-3.0|||||2020-06-04
Mexico|MICHOACAN DE OCAMPO|2020-05-25|1368.0|116.0|871.0|381.0|38.0|1.0|67.0|-30.0|||||2020-06-04
Mexico|SONORA|2020-05-25|1440.0|69.0|956.0|415.0|176.0|6.0|77.0|93.0|||||2020-06-04
Mexico|YUCATAN|2020-05-25|1487.0|116.0|963.0|408.0|68.0|6.0|53.0|9.0|||||2020-06-04
Mexico|QUINTANA ROO|2020-05-25|1609.0|291.0|1100.0|218.0|29.0|3.0|34.0|-8.0|||||2020-06-04
Mexico|PUEBLA|2020-05-25|2082.0|257.0|1278.0|547.0|67.0|6.0|66.0|-5.0|||||2020-06-04
Mexico|SINALOA|2020-05-25|2587.0|390.0|1740.0|457.0|149.0|10.0|98.0|41.0|||||2020-06-04
Mexico|VERACRUZ DE IGNACIO DE LA LLAVE|2020-05-25|2769.0|365.0|1857.0|547.0|80.0|24.0|111.0|-55.0|||||2020-06-04
Mexico|TABASCO|2020-05-25|3148.0|393.0|2114.0|641.0|104.0|6.0|118.0|-20.0|||||2020-06-04
Mexico|BAJA CALIFORNIA|2020-05-25|4218.0|696.0|2906.0|616.0|121.0|43.0|80.0|-2.0|||||2020-06-04
Mexico|MEXICO|2020-05-25|11057.0|846.0|8730.0|1481.0|451.0|4.0|441.0|6.0|||||2020-06-04
Mexico|CIUDAD DE MEXICO|2020-05-25|19682.0|1963.0|13900.0|3819.0|770.0|64.0|788.0|-82.0|||||2020-06-04
Mexico|TOTAL|2020-05-25|68620.0|7394.0|46979.0|14247.0|2764.0|215.0|2555.0|-6.0|||||2020-06-04
Mexico|COLIMA|2020-05-26|115.0|18.0|52.0|45.0|3.0|4.0|2.0|-3.0|||||2020-06-04
Mexico|ZACATECAS|2020-05-26|243.0|28.0|161.0|54.0|7.0|1.0|2.0|4.0|||||2020-06-04
Mexico|DURANGO|2020-05-26|246.0|26.0|150.0|70.0|13.0|0.0|8.0|5.0|||||2020-06-04
Mexico|NAYARIT|2020-05-26|439.0|42.0|275.0|122.0|18.0|0.0|18.0|0.0|||||2020-06-04
Mexico|CAMPECHE|2020-05-26|443.0|57.0|284.0|102.0|14.0|3.0|22.0|-11.0|||||2020-06-04
Mexico|BAJA CALIFORNIA SUR|2020-05-26|541.0|32.0|430.0|79.0|8.0|1.0|4.0|3.0|||||2020-06-04
Mexico|AGUASCALIENTES|2020-05-26|649.0|26.0|464.0|159.0|33.0|0.0|31.0|2.0|||||2020-06-04
Mexico|SAN LUIS POTOSI|2020-05-26|692.0|40.0|438.0|214.0|0.0|4.0|16.0|-20.0|||||2020-06-04
Mexico|QUERETARO|2020-05-26|710.0|78.0|371.0|261.0|22.0|3.0|39.0|-20.0|||||2020-06-04
Mexico|TLAXCALA|2020-05-26|827.0|134.0|478.0|215.0|45.0|12.0|28.0|5.0|||||2020-06-04
Mexico|COAHUILA DE ZARAGOZA|2020-05-26|876.0|68.0|656.0|152.0|52.0|3.0|21.0|28.0|||||2020-06-04
Mexico|OAXACA|2020-05-26|1070.0|106.0|562.0|402.0|69.0|6.0|67.0|-4.0|||||2020-06-04
Mexico|GUANAJUATO|2020-05-26|1127.0|91.0|666.0|370.0|73.0|3.0|46.0|24.0|||||2020-06-04
Mexico|NUEVO LEON|2020-05-26|1168.0|67.0|800.0|301.0|19.0|5.0|44.0|-30.0|||||2020-06-04
Mexico|CHIHUAHUA|2020-05-26|1193.0|255.0|843.0|95.0|7.0|6.0|20.0|-19.0|||||2020-06-04
Mexico|CHIAPAS|2020-05-26|1224.0|72.0|659.0|493.0|60.0|3.0|54.0|3.0|||||2020-06-04
Mexico|MORELOS|2020-05-26|1232.0|239.0|779.0|214.0|19.0|3.0|34.0|-18.0|||||2020-06-04
Mexico|JALISCO|2020-05-26|1238.0|116.0|742.0|380.0|58.0|9.0|39.0|10.0|||||2020-06-04
Mexico|TAMAULIPAS|2020-05-26|1289.0|86.0|905.0|298.0|77.0|3.0|38.0|36.0|||||2020-06-04
Mexico|GUERRERO|2020-05-26|1301.0|174.0|795.0|332.0|96.0|6.0|51.0|39.0|||||2020-06-04
Mexico|HIDALGO|2020-05-26|1319.0|215.0|698.0|406.0|76.0|3.0|60.0|13.0|||||2020-06-04
Mexico|MICHOACAN DE OCAMPO|2020-05-26|1402.0|119.0|935.0|348.0|34.0|3.0|64.0|-33.0|||||2020-06-04
Mexico|SONORA|2020-05-26|1451.0|72.0|1019.0|360.0|11.0|3.0|63.0|-55.0|||||2020-06-04
Mexico|YUCATAN|2020-05-26|1522.0|123.0|1009.0|390.0|35.0|7.0|46.0|-18.0|||||2020-06-04
Mexico|QUINTANA ROO|2020-05-26|1641.0|294.0|1113.0|234.0|32.0|3.0|13.0|16.0|||||2020-06-04
Mexico|PUEBLA|2020-05-26|2165.0|260.0|1373.0|532.0|83.0|3.0|95.0|-15.0|||||2020-06-04
Mexico|SINALOA|2020-05-26|2794.0|406.0|1831.0|557.0|207.0|16.0|91.0|100.0|||||2020-06-04
Mexico|VERACRUZ DE IGNACIO DE LA LLAVE|2020-05-26|2944.0|372.0|1972.0|600.0|175.0|7.0|115.0|53.0|||||2020-06-04
Mexico|TABASCO|2020-05-26|3236.0|416.0|2214.0|606.0|88.0|23.0|100.0|-35.0|||||2020-06-04
Mexico|BAJA CALIFORNIA|2020-05-26|4250.0|705.0|2992.0|553.0|32.0|9.0|86.0|-63.0|||||2020-06-04
Mexico|MEXICO|2020-05-26|11523.0|872.0|9229.0|1422.0|466.0|26.0|499.0|-59.0|||||2020-06-04
Mexico|CIUDAD DE MEXICO|2020-05-26|20235.0|2024.0|14557.0|3654.0|553.0|61.0|657.0|-165.0|||||2020-06-04
Mexico|TOTAL|2020-05-26|71105.0|7633.0|49452.0|14020.0|2485.0|239.0|2473.0|-227.0|||||2020-06-04
Mexico|COLIMA|2020-05-27|118.0|19.0|61.0|38.0|3.0|1.0|9.0|-7.0|||||2020-06-04
Mexico|DURANGO|2020-05-27|249.0|27.0|157.0|65.0|3.0|1.0|7.0|-5.0|||||2020-06-04
Mexico|ZACATECAS|2020-05-27|251.0|29.0|170.0|52.0|8.0|1.0|9.0|-2.0|||||2020-06-04
Mexico|CAMPECHE|2020-05-27|452.0|66.0|298.0|88.0|9.0|9.0|14.0|-14.0|||||2020-06-04
Mexico|NAYARIT|2020-05-27|457.0|45.0|288.0|124.0|18.0|3.0|13.0|2.0|||||2020-06-04
Mexico|BAJA CALIFORNIA SUR|2020-05-27|549.0|32.0|440.0|77.0|8.0|0.0|10.0|-2.0|||||2020-06-04
Mexico|AGUASCALIENTES|2020-05-27|676.0|30.0|473.0|173.0|27.0|4.0|9.0|14.0|||||2020-06-04
Mexico|SAN LUIS POTOSI|2020-05-27|734.0|41.0|455.0|238.0|42.0|1.0|17.0|24.0|||||2020-06-04
Mexico|QUERETARO|2020-05-27|742.0|84.0|402.0|256.0|32.0|6.0|31.0|-5.0|||||2020-06-04
Mexico|TLAXCALA|2020-05-27|858.0|134.0|506.0|218.0|31.0|0.0|28.0|3.0|||||2020-06-04
Mexico|COAHUILA DE ZARAGOZA|2020-05-27|917.0|67.0|687.0|163.0|41.0|-1.0|31.0|11.0|||||2020-06-04
Mexico|OAXACA|2020-05-27|1109.0|114.0|630.0|365.0|39.0|8.0|68.0|-37.0|||||2020-06-04
Mexico|GUANAJUATO|2020-05-27|1184.0|96.0|710.0|378.0|57.0|5.0|44.0|8.0|||||2020-06-04
Mexico|MORELOS|2020-05-27|1220.0|248.0|754.0|218.0|-12.0|9.0|-25.0|4.0|||||2020-06-04
Mexico|NUEVO LEON|2020-05-27|1222.0|71.0|843.0|308.0|54.0|4.0|43.0|7.0|||||2020-06-04
Mexico|CHIHUAHUA|2020-05-27|1278.0|272.0|896.0|110.0|85.0|17.0|53.0|15.0|||||2020-06-04
Mexico|CHIAPAS|2020-05-27|1289.0|84.0|708.0|497.0|65.0|12.0|49.0|4.0|||||2020-06-04
Mexico|JALISCO|2020-05-27|1295.0|125.0|770.0|400.0|57.0|9.0|28.0|20.0|||||2020-06-04
Mexico|TAMAULIPAS|2020-05-27|1300.0|89.0|937.0|274.0|11.0|3.0|32.0|-24.0|||||2020-06-04
Mexico|GUERRERO|2020-05-27|1363.0|189.0|850.0|324.0|62.0|15.0|55.0|-8.0|||||2020-06-04
Mexico|HIDALGO|2020-05-27|1439.0|240.0|716.0|483.0|120.0|25.0|18.0|77.0|||||2020-06-04
Mexico|MICHOACAN DE OCAMPO|2020-05-27|1495.0|132.0|987.0|376.0|93.0|13.0|52.0|28.0|||||2020-06-04
Mexico|YUCATAN|2020-05-27|1567.0|128.0|1047.0|392.0|45.0|5.0|38.0|2.0|||||2020-06-04
Mexico|SONORA|2020-05-27|1576.0|84.0|1087.0|405.0|125.0|12.0|68.0|45.0|||||2020-06-04
Mexico|QUINTANA ROO|2020-05-27|1683.0|304.0|1131.0|248.0|42.0|10.0|18.0|14.0|||||2020-06-04
Mexico|PUEBLA|2020-05-27|2320.0|268.0|1478.0|574.0|155.0|8.0|105.0|42.0|||||2020-06-04
Mexico|SINALOA|2020-05-27|2813.0|427.0|1895.0|491.0|19.0|21.0|64.0|-66.0|||||2020-06-04
Mexico|VERACRUZ DE IGNACIO DE LA LLAVE|2020-05-27|3258.0|416.0|2113.0|729.0|314.0|44.0|141.0|129.0|||||2020-06-04
Mexico|TABASCO|2020-05-27|3360.0|424.0|2308.0|628.0|124.0|8.0|94.0|22.0|||||2020-06-04
Mexico|BAJA CALIFORNIA|2020-05-27|4421.0|740.0|3077.0|604.0|171.0|35.0|85.0|51.0|||||2020-06-04
Mexico|MEXICO|2020-05-27|12366.0|943.0|9674.0|1749.0|843.0|71.0|445.0|327.0|||||2020-06-04
Mexico|CIUDAD DE MEXICO|2020-05-27|20999.0|2166.0|15160.0|3673.0|764.0|142.0|603.0|19.0|||||2020-06-04
Mexico|TOTAL|2020-05-27|74560.0|8134.0|51708.0|14718.0|3455.0|501.0|2256.0|698.0|||||2020-06-04
Mexico|COLIMA|2020-05-28|128.0|21.0|65.0|42.0|10.0|2.0|4.0|4.0|||||2020-06-04
Mexico|ZACATECAS|2020-05-28|261.0|29.0|174.0|58.0|10.0|0.0|4.0|6.0|||||2020-06-04
Mexico|DURANGO|2020-05-28|279.0|32.0|162.0|85.0|30.0|5.0|5.0|20.0|||||2020-06-04
Mexico|NAYARIT|2020-05-28|476.0|46.0|299.0|131.0|19.0|1.0|11.0|7.0|||||2020-06-04
Mexico|CAMPECHE|2020-05-28|486.0|70.0|308.0|108.0|34.0|4.0|10.0|20.0|||||2020-06-04
Mexico|BAJA CALIFORNIA SUR|2020-05-28|557.0|32.0|453.0|72.0|8.0|0.0|13.0|-5.0|||||2020-06-04
Mexico|AGUASCALIENTES|2020-05-28|716.0|32.0|494.0|190.0|40.0|2.0|21.0|17.0|||||2020-06-04
Mexico|SAN LUIS POTOSI|2020-05-28|786.0|46.0|474.0|266.0|52.0|5.0|19.0|28.0|||||2020-06-04
Mexico|QUERETARO|2020-05-28|786.0|89.0|429.0|268.0|44.0|5.0|27.0|12.0|||||2020-06-04
Mexico|TLAXCALA|2020-05-28|944.0|135.0|534.0|275.0|86.0|1.0|28.0|57.0|||||2020-06-04
Mexico|COAHUILA DE ZARAGOZA|2020-05-28|965.0|72.0|696.0|197.0|48.0|5.0|9.0|34.0|||||2020-06-04
Mexico|OAXACA|2020-05-28|1144.0|121.0|680.0|343.0|35.0|7.0|50.0|-22.0|||||2020-06-04
Mexico|GUANAJUATO|2020-05-28|1238.0|101.0|734.0|403.0|54.0|5.0|24.0|25.0|||||2020-06-04
Mexico|MORELOS|2020-05-28|1264.0|250.0|776.0|238.0|44.0|2.0|22.0|20.0|||||2020-06-04
Mexico|NUEVO LEON|2020-05-28|1288.0|76.0|899.0|313.0|66.0|5.0|56.0|5.0|||||2020-06-04
Mexico|JALISCO|2020-05-28|1355.0|128.0|819.0|408.0|60.0|3.0|49.0|8.0|||||2020-06-04
Mexico|CHIHUAHUA|2020-05-28|1356.0|286.0|946.0|124.0|78.0|14.0|50.0|14.0|||||2020-06-04
Mexico|TAMAULIPAS|2020-05-28|1360.0|95.0|968.0|297.0|60.0|6.0|31.0|23.0|||||2020-06-04
Mexico|CHIAPAS|2020-05-28|1402.0|101.0|766.0|535.0|113.0|17.0|58.0|38.0|||||2020-06-04
Mexico|GUERRERO|2020-05-28|1421.0|210.0|902.0|309.0|58.0|21.0|52.0|-15.0|||||2020-06-04
Mexico|HIDALGO|2020-05-28|1479.0|247.0|773.0|459.0|40.0|7.0|57.0|-24.0|||||2020-06-04
Mexico|YUCATAN|2020-05-28|1602.0|132.0|1081.0|389.0|35.0|4.0|34.0|-3.0|||||2020-06-04
Mexico|MICHOACAN DE OCAMPO|2020-05-28|1613.0|143.0|1051.0|419.0|118.0|11.0|64.0|43.0|||||2020-06-04
Mexico|SONORA|2020-05-28|1613.0|88.0|1156.0|369.0|37.0|4.0|69.0|-36.0|||||2020-06-04
Mexico|QUINTANA ROO|2020-05-28|1729.0|323.0|1152.0|254.0|46.0|19.0|21.0|6.0|||||2020-06-04
Mexico|PUEBLA|2020-05-28|2458.0|307.0|1542.0|609.0|138.0|39.0|64.0|35.0|||||2020-06-04
Mexico|SINALOA|2020-05-28|2903.0|431.0|1967.0|505.0|90.0|4.0|72.0|14.0|||||2020-06-04
Mexico|VERACRUZ DE IGNACIO DE LA LLAVE|2020-05-28|3374.0|430.0|2230.0|714.0|116.0|14.0|117.0|-15.0|||||2020-06-04
Mexico|TABASCO|2020-05-28|3484.0|436.0|2394.0|654.0|124.0|12.0|86.0|26.0|||||2020-06-04
Mexico|BAJA CALIFORNIA|2020-05-28|4590.0|773.0|3185.0|632.0|169.0|33.0|108.0|28.0|||||2020-06-04
Mexico|MEXICO|2020-05-28|13140.0|1002.0|10032.0|2106.0|774.0|59.0|358.0|357.0|||||2020-06-04
Mexico|CIUDAD DE MEXICO|2020-05-28|21826.0|2313.0|15693.0|3820.0|827.0|147.0|533.0|147.0|||||2020-06-04
Mexico|TOTAL|2020-05-28|78023.0|8597.0|53834.0|15592.0|3463.0|463.0|2126.0|874.0|||||2020-06-04
Mexico|COLIMA|2020-05-29|135.0|21.0|68.0|46.0|7.0|0.0|3.0|4.0|||||2020-06-04
Mexico|ZACATECAS|2020-05-29|272.0|31.0|182.0|59.0|11.0|2.0|8.0|1.0|||||2020-06-04
Mexico|DURANGO|2020-05-29|304.0|33.0|169.0|102.0|25.0|1.0|7.0|17.0|||||2020-06-04
Mexico|NAYARIT|2020-05-29|503.0|49.0|310.0|144.0|27.0|3.0|11.0|13.0|||||2020-06-04
Mexico|CAMPECHE|2020-05-29|522.0|76.0|321.0|125.0|36.0|6.0|13.0|17.0|||||2020-06-04
Mexico|BAJA CALIFORNIA SUR|2020-05-29|568.0|33.0|465.0|70.0|11.0|1.0|12.0|-2.0|||||2020-06-04
Mexico|AGUASCALIENTES|2020-05-29|769.0|33.0|523.0|213.0|53.0|1.0|29.0|23.0|||||2020-06-04
Mexico|QUERETARO|2020-05-29|812.0|95.0|453.0|264.0|26.0|6.0|24.0|-4.0|||||2020-06-04
Mexico|SAN LUIS POTOSI|2020-05-29|815.0|49.0|506.0|260.0|29.0|3.0|32.0|-6.0|||||2020-06-04
Mexico|TLAXCALA|2020-05-29|947.0|137.0|569.0|241.0|3.0|2.0|35.0|-34.0|||||2020-06-04
Mexico|COAHUILA DE ZARAGOZA|2020-05-29|980.0|73.0|711.0|196.0|15.0|1.0|15.0|-1.0|||||2020-06-04
Mexico|OAXACA|2020-05-29|1186.0|130.0|719.0|337.0|42.0|9.0|39.0|-6.0|||||2020-06-04
Mexico|MORELOS|2020-05-29|1302.0|259.0|782.0|261.0|38.0|9.0|6.0|23.0|||||2020-06-04
Mexico|GUANAJUATO|2020-05-29|1320.0|101.0|764.0|455.0|82.0|0.0|30.0|52.0|||||2020-06-04
Mexico|NUEVO LEON|2020-05-29|1324.0|80.0|934.0|310.0|36.0|4.0|35.0|-3.0|||||2020-06-04
Mexico|CHIHUAHUA|2020-05-29|1400.0|293.0|974.0|133.0|44.0|7.0|28.0|9.0|||||2020-06-04
Mexico|JALISCO|2020-05-29|1432.0|133.0|859.0|440.0|77.0|5.0|40.0|32.0|||||2020-06-04
Mexico|TAMAULIPAS|2020-05-29|1441.0|97.0|1020.0|324.0|81.0|2.0|52.0|27.0|||||2020-06-04
Mexico|CHIAPAS|2020-05-29|1471.0|114.0|812.0|545.0|69.0|13.0|46.0|10.0|||||2020-06-04
Mexico|HIDALGO|2020-05-29|1544.0|264.0|826.0|454.0|65.0|17.0|53.0|-5.0|||||2020-06-04
Mexico|GUERRERO|2020-05-29|1584.0|232.0|974.0|378.0|163.0|22.0|72.0|69.0|||||2020-06-04
Mexico|SONORA|2020-05-29|1650.0|91.0|1216.0|343.0|37.0|3.0|60.0|-26.0|||||2020-06-04
Mexico|YUCATAN|2020-05-29|1661.0|139.0|1119.0|403.0|59.0|7.0|38.0|14.0|||||2020-06-04
Mexico|MICHOACAN DE OCAMPO|2020-05-29|1710.0|150.0|1135.0|425.0|97.0|7.0|84.0|6.0|||||2020-06-04
Mexico|QUINTANA ROO|2020-05-29|1776.0|337.0|1164.0|275.0|47.0|14.0|12.0|21.0|||||2020-06-04
Mexico|PUEBLA|2020-05-29|2662.0|335.0|1637.0|690.0|204.0|28.0|95.0|81.0|||||2020-06-04
Mexico|SINALOA|2020-05-29|3014.0|448.0|2045.0|521.0|111.0|17.0|78.0|16.0|||||2020-06-04
Mexico|VERACRUZ DE IGNACIO DE LA LLAVE|2020-05-29|3470.0|460.0|2314.0|696.0|96.0|30.0|84.0|-18.0|||||2020-06-04
Mexico|TABASCO|2020-05-29|3672.0|470.0|2491.0|711.0|188.0|34.0|97.0|57.0|||||2020-06-04
Mexico|BAJA CALIFORNIA|2020-05-29|4777.0|808.0|3249.0|720.0|187.0|35.0|64.0|88.0|||||2020-06-04
Mexico|MEXICO|2020-05-29|13679.0|1046.0|10431.0|2202.0|539.0|44.0|399.0|96.0|||||2020-06-04
Mexico|CIUDAD DE MEXICO|2020-05-29|22698.0|2427.0|16299.0|3972.0|872.0|114.0|606.0|152.0|||||2020-06-04
Mexico|TOTAL|2020-05-29|81400.0|9044.0|56041.0|16315.0|3377.0|447.0|2207.0|723.0|||||2020-06-04
Mexico|COLIMA|2020-05-30|136.0|21.0|72.0|43.0|1.0|0.0|4.0|-3.0|||||2020-06-04
Mexico|ZACATECAS|2020-05-30|279.0|32.0|185.0|62.0|7.0|1.0|3.0|3.0|||||2020-06-04
Mexico|DURANGO|2020-05-30|322.0|34.0|179.0|109.0|18.0|1.0|10.0|7.0|||||2020-06-04
Mexico|NAYARIT|2020-05-30|524.0|51.0|327.0|146.0|21.0|2.0|17.0|2.0|||||2020-06-04
Mexico|CAMPECHE|2020-05-30|535.0|81.0|331.0|123.0|13.0|5.0|10.0|-2.0|||||2020-06-04
Mexico|BAJA CALIFORNIA SUR|2020-05-30|594.0|34.0|474.0|86.0|26.0|1.0|9.0|16.0|||||2020-06-04
Mexico|AGUASCALIENTES|2020-05-30|797.0|33.0|545.0|219.0|28.0|0.0|22.0|6.0|||||2020-06-04
Mexico|QUERETARO|2020-05-30|833.0|100.0|494.0|239.0|21.0|5.0|41.0|-25.0|||||2020-06-04
Mexico|SAN LUIS POTOSI|2020-05-30|850.0|49.0|538.0|263.0|35.0|0.0|32.0|3.0|||||2020-06-04
Mexico|TLAXCALA|2020-05-30|974.0|147.0|593.0|234.0|27.0|10.0|24.0|-7.0|||||2020-06-04
Mexico|COAHUILA DE ZARAGOZA|2020-05-30|1015.0|75.0|740.0|200.0|35.0|2.0|29.0|4.0|||||2020-06-04
Mexico|OAXACA|2020-05-30|1251.0|141.0|778.0|332.0|65.0|11.0|59.0|-5.0|||||2020-06-04
Mexico|MORELOS|2020-05-30|1333.0|262.0|815.0|256.0|31.0|3.0|33.0|-5.0|||||2020-06-04
Mexico|NUEVO LEON|2020-05-30|1361.0|85.0|975.0|301.0|37.0|5.0|41.0|-9.0|||||2020-06-04
Mexico|GUANAJUATO|2020-05-30|1384.0|105.0|823.0|456.0|64.0|4.0|59.0|1.0|||||2020-06-04
Mexico|TAMAULIPAS|2020-05-30|1504.0|102.0|1081.0|321.0|63.0|5.0|61.0|-3.0|||||2020-06-04
Mexico|CHIHUAHUA|2020-05-30|1505.0|305.0|1035.0|165.0|105.0|12.0|61.0|32.0|||||2020-06-04
Mexico|JALISCO|2020-05-30|1524.0|136.0|900.0|488.0|92.0|3.0|41.0|48.0|||||2020-06-04
Mexico|CHIAPAS|2020-05-30|1566.0|125.0|878.0|563.0|95.0|11.0|66.0|18.0|||||2020-06-04
Mexico|HIDALGO|2020-05-30|1599.0|287.0|870.0|442.0|55.0|23.0|44.0|-12.0|||||2020-06-04
Mexico|GUERRERO|2020-05-30|1643.0|242.0|1085.0|316.0|59.0|10.0|111.0|-62.0|||||2020-06-04
Mexico|YUCATAN|2020-05-30|1696.0|142.0|1177.0|377.0|35.0|3.0|58.0|-26.0|||||2020-06-04
Mexico|SONORA|2020-05-30|1803.0|102.0|1317.0|384.0|153.0|11.0|101.0|41.0|||||2020-06-04
Mexico|MICHOACAN DE OCAMPO|2020-05-30|1810.0|153.0|1226.0|431.0|100.0|3.0|91.0|6.0|||||2020-06-04
Mexico|QUINTANA ROO|2020-05-30|1815.0|341.0|1193.0|281.0|39.0|4.0|29.0|6.0|||||2020-06-04
Mexico|PUEBLA|2020-05-30|2843.0|346.0|1746.0|751.0|181.0|11.0|109.0|61.0|||||2020-06-04
Mexico|SINALOA|2020-05-30|3125.0|460.0|2193.0|472.0|111.0|12.0|148.0|-49.0|||||2020-06-04
Mexico|VERACRUZ DE IGNACIO DE LA LLAVE|2020-05-30|3562.0|495.0|2438.0|629.0|92.0|35.0|124.0|-67.0|||||2020-06-04
Mexico|TABASCO|2020-05-30|3872.0|485.0|2639.0|748.0|200.0|15.0|148.0|37.0|||||2020-06-04
Mexico|BAJA CALIFORNIA|2020-05-30|4886.0|821.0|3391.0|674.0|109.0|13.0|142.0|-46.0|||||2020-06-04
Mexico|MEXICO|2020-05-30|14063.0|1087.0|10905.0|2071.0|384.0|41.0|474.0|-131.0|||||2020-06-04
Mexico|CIUDAD DE MEXICO|2020-05-30|23623.0|2536.0|17060.0|4027.0|925.0|109.0|761.0|55.0|||||2020-06-04
Mexico|TOTAL|2020-05-30|84627.0|9415.0|59003.0|16209.0|3227.0|371.0|2962.0|-106.0|||||2020-06-04
Mexico|COLIMA|2020-05-31|141.0|21.0|80.0|40.0|5.0|0.0|8.0|-3.0|||||2020-06-04
Mexico|ZACATECAS|2020-05-31|284.0|33.0|188.0|63.0|5.0|1.0|3.0|1.0|||||2020-06-04
Mexico|DURANGO|2020-05-31|365.0|37.0|189.0|139.0|43.0|3.0|10.0|30.0|||||2020-06-04
Mexico|NAYARIT|2020-05-31|552.0|52.0|349.0|151.0|28.0|1.0|22.0|5.0|||||2020-06-04
Mexico|CAMPECHE|2020-05-31|563.0|83.0|352.0|128.0|28.0|2.0|21.0|5.0|||||2020-06-04
Mexico|BAJA CALIFORNIA SUR|2020-05-31|606.0|35.0|482.0|89.0|12.0|1.0|8.0|3.0|||||2020-06-04
Mexico|AGUASCALIENTES|2020-05-31|816.0|35.0|557.0|224.0|19.0|2.0|12.0|5.0|||||2020-06-04
Mexico|QUERETARO|2020-05-31|875.0|104.0|546.0|225.0|42.0|4.0|52.0|-14.0|||||2020-06-04
Mexico|SAN LUIS POTOSI|2020-05-31|882.0|50.0|557.0|275.0|32.0|1.0|19.0|12.0|||||2020-06-04
Mexico|TLAXCALA|2020-05-31|1001.0|148.0|623.0|230.0|27.0|1.0|30.0|-4.0|||||2020-06-04
Mexico|COAHUILA DE ZARAGOZA|2020-05-31|1084.0|77.0|768.0|239.0|69.0|2.0|28.0|39.0|||||2020-06-04
Mexico|OAXACA|2020-05-31|1333.0|148.0|837.0|348.0|82.0|7.0|59.0|16.0|||||2020-06-04
Mexico|NUEVO LEON|2020-05-31|1372.0|87.0|997.0|288.0|11.0|2.0|22.0|-13.0|||||2020-06-04
Mexico|MORELOS|2020-05-31|1391.0|262.0|847.0|282.0|58.0|0.0|32.0|26.0|||||2020-06-04
Mexico|GUANAJUATO|2020-05-31|1463.0|107.0|871.0|485.0|79.0|2.0|48.0|29.0|||||2020-06-04
Mexico|TAMAULIPAS|2020-05-31|1554.0|107.0|1116.0|331.0|50.0|5.0|35.0|10.0|||||2020-06-04
Mexico|CHIHUAHUA|2020-05-31|1569.0|314.0|1095.0|160.0|64.0|9.0|60.0|-5.0|||||2020-06-04
Mexico|JALISCO|2020-05-31|1660.0|139.0|932.0|589.0|136.0|3.0|32.0|101.0|||||2020-06-04
Mexico|HIDALGO|2020-05-31|1670.0|299.0|900.0|471.0|71.0|12.0|30.0|29.0|||||2020-06-04
Mexico|CHIAPAS|2020-05-31|1711.0|131.0|955.0|625.0|145.0|6.0|77.0|62.0|||||2020-06-04
Mexico|YUCATAN|2020-05-31|1771.0|146.0|1226.0|399.0|75.0|4.0|49.0|22.0|||||2020-06-04
Mexico|GUERRERO|2020-05-31|1827.0|261.0|1197.0|369.0|184.0|19.0|112.0|53.0|||||2020-06-04
Mexico|QUINTANA ROO|2020-05-31|1850.0|347.0|1218.0|285.0|35.0|6.0|25.0|4.0|||||2020-06-04
Mexico|SONORA|2020-05-31|1865.0|109.0|1409.0|347.0|62.0|7.0|92.0|-37.0|||||2020-06-04
Mexico|MICHOACAN DE OCAMPO|2020-05-31|1869.0|163.0|1278.0|428.0|59.0|10.0|52.0|-3.0|||||2020-06-04
Mexico|PUEBLA|2020-05-31|2918.0|349.0|1827.0|742.0|75.0|3.0|81.0|-9.0|||||2020-06-04
Mexico|SINALOA|2020-05-31|3261.0|488.0|2283.0|490.0|136.0|28.0|90.0|18.0|||||2020-06-04
Mexico|VERACRUZ DE IGNACIO DE LA LLAVE|2020-05-31|3624.0|506.0|2535.0|583.0|62.0|11.0|97.0|-46.0|||||2020-06-04
Mexico|TABASCO|2020-05-31|4009.0|508.0|2731.0|770.0|137.0|23.0|92.0|22.0|||||2020-06-04
Mexico|BAJA CALIFORNIA|2020-05-31|5027.0|864.0|3463.0|700.0|141.0|43.0|72.0|26.0|||||2020-06-04
Mexico|MEXICO|2020-05-31|14334.0|1148.0|11213.0|1973.0|271.0|61.0|308.0|-98.0|||||2020-06-04
Mexico|CIUDAD DE MEXICO|2020-05-31|24265.0|2621.0|17626.0|4018.0|642.0|85.0|566.0|-9.0|||||2020-06-04
Mexico|TOTAL|2020-05-31|87512.0|9779.0|61247.0|16486.0|2885.0|364.0|2244.0|277.0|||||2020-06-04
Mexico|COLIMA|2020-06-01|151.0|21.0|86.0|44.0|10.0|0.0|6.0|4.0|||||2020-06-04
Mexico|ZACATECAS|2020-06-01|292.0|34.0|192.0|66.0|8.0|1.0|4.0|3.0|||||2020-06-04
Mexico|DURANGO|2020-06-01|384.0|37.0|196.0|151.0|19.0|0.0|7.0|12.0|||||2020-06-04
Mexico|NAYARIT|2020-06-01|580.0|53.0|367.0|160.0|28.0|1.0|18.0|9.0|||||2020-06-04
Mexico|CAMPECHE|2020-06-01|583.0|90.0|366.0|127.0|20.0|7.0|14.0|-1.0|||||2020-06-04
Mexico|BAJA CALIFORNIA SUR|2020-06-01|631.0|35.0|497.0|99.0|25.0|0.0|15.0|10.0|||||2020-06-04
Mexico|AGUASCALIENTES|2020-06-01|816.0|35.0|574.0|207.0|0.0|0.0|17.0|-17.0|||||2020-06-04
Mexico|QUERETARO|2020-06-01|917.0|105.0|570.0|242.0|42.0|1.0|24.0|17.0|||||2020-06-04
Mexico|SAN LUIS POTOSI|2020-06-01|931.0|51.0|582.0|298.0|49.0|1.0|25.0|23.0|||||2020-06-04
Mexico|TLAXCALA|2020-06-01|1042.0|148.0|661.0|233.0|41.0|0.0|38.0|3.0|||||2020-06-04
Mexico|COAHUILA DE ZARAGOZA|2020-06-01|1084.0|81.0|797.0|206.0|0.0|4.0|29.0|-33.0|||||2020-06-04
Mexico|MORELOS|2020-06-01|1391.0|265.0|881.0|245.0|0.0|3.0|34.0|-37.0|||||2020-06-04
Mexico|OAXACA|2020-06-01|1416.0|152.0|879.0|385.0|83.0|4.0|42.0|37.0|||||2020-06-04
Mexico|NUEVO LEON|2020-06-01|1419.0|88.0|1029.0|302.0|47.0|1.0|32.0|14.0|||||2020-06-04
Mexico|TAMAULIPAS|2020-06-01|1557.0|108.0|1146.0|303.0|3.0|1.0|30.0|-28.0|||||2020-06-04
Mexico|CHIHUAHUA|2020-06-01|1616.0|318.0|1139.0|159.0|47.0|4.0|44.0|-1.0|||||2020-06-04
Mexico|GUANAJUATO|2020-06-01|1633.0|107.0|932.0|594.0|170.0|0.0|61.0|109.0|||||2020-06-04
Mexico|HIDALGO|2020-06-01|1710.0|304.0|949.0|457.0|40.0|5.0|49.0|-14.0|||||2020-06-04
Mexico|JALISCO|2020-06-01|1760.0|143.0|992.0|625.0|100.0|4.0|60.0|36.0|||||2020-06-04
Mexico|YUCATAN|2020-06-01|1823.0|155.0|1263.0|405.0|52.0|9.0|37.0|6.0|||||2020-06-04
Mexico|CHIAPAS|2020-06-01|1869.0|135.0|1010.0|724.0|158.0|4.0|55.0|99.0|||||2020-06-04
Mexico|QUINTANA ROO|2020-06-01|1882.0|352.0|1241.0|289.0|32.0|5.0|23.0|4.0|||||2020-06-04
Mexico|GUERRERO|2020-06-01|1893.0|266.0|1285.0|342.0|66.0|5.0|88.0|-27.0|||||2020-06-04
Mexico|MICHOACAN DE OCAMPO|2020-06-01|1913.0|165.0|1325.0|423.0|44.0|2.0|47.0|-5.0|||||2020-06-04
Mexico|SONORA|2020-06-01|2091.0|111.0|1539.0|441.0|226.0|2.0|130.0|94.0|||||2020-06-04
Mexico|PUEBLA|2020-06-01|3046.0|350.0|1944.0|752.0|128.0|1.0|117.0|10.0|||||2020-06-04
Mexico|SINALOA|2020-06-01|3421.0|501.0|2369.0|551.0|160.0|13.0|86.0|61.0|||||2020-06-04
Mexico|VERACRUZ DE IGNACIO DE LA LLAVE|2020-06-01|3716.0|518.0|2656.0|542.0|92.0|12.0|121.0|-41.0|||||2020-06-04
Mexico|TABASCO|2020-06-01|4142.0|520.0|2820.0|802.0|133.0|12.0|89.0|32.0|||||2020-06-04
Mexico|BAJA CALIFORNIA|2020-06-01|5075.0|865.0|3568.0|642.0|48.0|1.0|105.0|-58.0|||||2020-06-04
Mexico|MEXICO|2020-06-01|14862.0|1159.0|11631.0|2072.0|528.0|11.0|418.0|99.0|||||2020-06-04
Mexico|CIUDAD DE MEXICO|2020-06-01|25018.0|2658.0|18286.0|4074.0|753.0|37.0|660.0|56.0|||||2020-06-04
Mexico|TOTAL|2020-06-01|90664.0|9930.0|63772.0|16962.0|3152.0|151.0|2525.0|476.0|||||2020-06-04
Mexico|COLIMA|2020-06-02|154.0|21.0|95.0|38.0|3.0|0.0|9.0|-6.0|||||2020-06-04
Mexico|ZACATECAS|2020-06-02|301.0|35.0|202.0|64.0|9.0|1.0|10.0|-2.0|||||2020-06-04
Mexico|DURANGO|2020-06-02|400.0|37.0|210.0|153.0|16.0|0.0|14.0|2.0|||||2020-06-04
Mexico|CAMPECHE|2020-06-02|608.0|91.0|381.0|136.0|25.0|1.0|15.0|9.0|||||2020-06-04
Mexico|NAYARIT|2020-06-02|620.0|59.0|380.0|181.0|40.0|6.0|13.0|21.0|||||2020-06-04
Mexico|BAJA CALIFORNIA SUR|2020-06-02|643.0|35.0|515.0|93.0|12.0|0.0|18.0|-6.0|||||2020-06-04
Mexico|AGUASCALIENTES|2020-06-02|841.0|35.0|596.0|210.0|25.0|0.0|22.0|3.0|||||2020-06-04
Mexico|QUERETARO|2020-06-02|933.0|108.0|595.0|230.0|16.0|3.0|25.0|-12.0|||||2020-06-04
Mexico|SAN LUIS POTOSI|2020-06-02|957.0|54.0|612.0|291.0|26.0|3.0|30.0|-7.0|||||2020-06-04
Mexico|TLAXCALA|2020-06-02|1064.0|150.0|704.0|210.0|22.0|2.0|43.0|-23.0|||||2020-06-04
Mexico|COAHUILA DE ZARAGOZA|2020-06-02|1088.0|81.0|834.0|173.0|4.0|0.0|37.0|-33.0|||||2020-06-04
Mexico|MORELOS|2020-06-02|1397.0|270.0|911.0|216.0|6.0|5.0|30.0|-29.0|||||2020-06-04
Mexico|NUEVO LEON|2020-06-02|1481.0|96.0|1076.0|309.0|62.0|8.0|47.0|7.0|||||2020-06-04
Mexico|OAXACA|2020-06-02|1512.0|162.0|984.0|366.0|96.0|10.0|105.0|-19.0|||||2020-06-04
Mexico|CHIHUAHUA|2020-06-02|1627.0|328.0|1177.0|122.0|11.0|10.0|38.0|-37.0|||||2020-06-04
Mexico|TAMAULIPAS|2020-06-02|1646.0|109.0|1214.0|323.0|89.0|1.0|68.0|20.0|||||2020-06-04
Mexico|GUANAJUATO|2020-06-02|1680.0|112.0|992.0|576.0|47.0|5.0|60.0|-18.0|||||2020-06-04
Mexico|HIDALGO|2020-06-02|1769.0|318.0|1026.0|425.0|59.0|14.0|77.0|-32.0|||||2020-06-04
Mexico|JALISCO|2020-06-02|1802.0|151.0|1049.0|602.0|42.0|8.0|57.0|-23.0|||||2020-06-04
Mexico|YUCATAN|2020-06-02|1863.0|164.0|1312.0|387.0|40.0|9.0|49.0|-18.0|||||2020-06-04
Mexico|QUINTANA ROO|2020-06-02|1926.0|355.0|1287.0|284.0|44.0|3.0|46.0|-5.0|||||2020-06-04
Mexico|CHIAPAS|2020-06-02|1928.0|136.0|1128.0|664.0|59.0|1.0|118.0|-60.0|||||2020-06-04
Mexico|MICHOACAN DE OCAMPO|2020-06-02|1950.0|169.0|1394.0|387.0|37.0|4.0|69.0|-36.0|||||2020-06-04
Mexico|GUERRERO|2020-06-02|1951.0|272.0|1418.0|261.0|58.0|6.0|133.0|-81.0|||||2020-06-04
Mexico|SONORA|2020-06-02|2142.0|116.0|1640.0|386.0|51.0|5.0|101.0|-55.0|||||2020-06-04
Mexico|PUEBLA|2020-06-02|3117.0|359.0|2073.0|685.0|71.0|9.0|129.0|-67.0|||||2020-06-04
Mexico|SINALOA|2020-06-02|3580.0|522.0|2465.0|593.0|159.0|21.0|96.0|42.0|||||2020-06-04
Mexico|VERACRUZ DE IGNACIO DE LA LLAVE|2020-06-02|4008.0|537.0|2837.0|634.0|292.0|19.0|181.0|92.0|||||2020-06-04
Mexico|TABASCO|2020-06-02|4323.0|533.0|2937.0|853.0|181.0|13.0|117.0|51.0|||||2020-06-04
Mexico|BAJA CALIFORNIA|2020-06-02|5127.0|871.0|3701.0|555.0|52.0|6.0|133.0|-87.0|||||2020-06-04
Mexico|MEXICO|2020-06-02|15210.0|1168.0|12121.0|1921.0|348.0|9.0|490.0|-151.0|||||2020-06-04
Mexico|CIUDAD DE MEXICO|2020-06-02|25787.0|2713.0|19099.0|3975.0|769.0|55.0|813.0|-99.0|||||2020-06-04
Mexico|TOTAL|2020-06-02|93435.0|10167.0|66965.0|16303.0|2771.0|237.0|3193.0|-659.0|||||2020-06-04
Mexico|COLIMA|2020-06-03|158.0|26.0|94.0|38.0|4.0|5.0|-1.0|0.0|||||2020-06-04
Mexico|ZACATECAS|2020-06-03|311.0|38.0|209.0|64.0|10.0|3.0|7.0|0.0|||||2020-06-04
Mexico|DURANGO|2020-06-03|410.0|42.0|221.0|147.0|10.0|5.0|11.0|-6.0|||||2020-06-04
Mexico|CAMPECHE|2020-06-03|612.0|92.0|398.0|122.0|4.0|1.0|17.0|-14.0|||||2020-06-04
Mexico|NAYARIT|2020-06-03|638.0|68.0|392.0|178.0|18.0|9.0|12.0|-3.0|||||2020-06-04
Mexico|BAJA CALIFORNIA SUR|2020-06-03|660.0|35.0|529.0|96.0|17.0|0.0|14.0|3.0|||||2020-06-04
Mexico|AGUASCALIENTES|2020-06-03|890.0|35.0|616.0|239.0|49.0|0.0|20.0|29.0|||||2020-06-04
Mexico|QUERETARO|2020-06-03|960.0|114.0|625.0|221.0|27.0|6.0|30.0|-9.0|||||2020-06-04
Mexico|SAN LUIS POTOSI|2020-06-03|984.0|57.0|644.0|283.0|27.0|3.0|32.0|-8.0|||||2020-06-04
Mexico|TLAXCALA|2020-06-03|1115.0|151.0|754.0|210.0|51.0|1.0|50.0|0.0|||||2020-06-04
Mexico|COAHUILA DE ZARAGOZA|2020-06-03|1169.0|81.0|860.0|228.0|81.0|0.0|26.0|55.0|||||2020-06-04
Mexico|MORELOS|2020-06-03|1438.0|273.0|943.0|222.0|41.0|3.0|32.0|6.0|||||2020-06-04
Mexico|NUEVO LEON|2020-06-03|1523.0|99.0|1122.0|302.0|42.0|3.0|46.0|-7.0|||||2020-06-04
Mexico|OAXACA|2020-06-03|1623.0|166.0|1068.0|389.0|111.0|4.0|84.0|23.0|||||2020-06-04
Mexico|CHIHUAHUA|2020-06-03|1696.0|340.0|1239.0|117.0|69.0|12.0|62.0|-5.0|||||2020-06-04
Mexico|TAMAULIPAS|2020-06-03|1730.0|116.0|1276.0|338.0|84.0|7.0|62.0|15.0|||||2020-06-04
Mexico|GUANAJUATO|2020-06-03|1872.0|116.0|1052.0|704.0|192.0|4.0|60.0|128.0|||||2020-06-04
Mexico|HIDALGO|2020-06-03|1898.0|329.0|1105.0|464.0|129.0|11.0|79.0|39.0|||||2020-06-04
Mexico|YUCATAN|2020-06-03|1919.0|173.0|1335.0|411.0|56.0|9.0|23.0|24.0|||||2020-06-04
Mexico|QUINTANA ROO|2020-06-03|1956.0|363.0|1325.0|268.0|30.0|8.0|38.0|-16.0|||||2020-06-04
Mexico|CHIAPAS|2020-06-03|2013.0|146.0|1198.0|669.0|85.0|10.0|70.0|5.0|||||2020-06-04
Mexico|MICHOACAN DE OCAMPO|2020-06-03|2022.0|175.0|1455.0|392.0|72.0|6.0|61.0|5.0|||||2020-06-04
Mexico|JALISCO|2020-06-03|2025.0|167.0|1116.0|742.0|223.0|16.0|67.0|140.0|||||2020-06-04
Mexico|GUERRERO|2020-06-03|2052.0|286.0|1503.0|263.0|101.0|14.0|85.0|2.0|||||2020-06-04
Mexico|SONORA|2020-06-03|2334.0|132.0|1741.0|461.0|192.0|16.0|101.0|75.0|||||2020-06-04
Mexico|PUEBLA|2020-06-03|3239.0|392.0|2144.0|703.0|122.0|33.0|71.0|18.0|||||2020-06-04
Mexico|SINALOA|2020-06-03|3699.0|548.0|2560.0|591.0|119.0|26.0|95.0|-2.0|||||2020-06-04
Mexico|VERACRUZ DE IGNACIO DE LA LLAVE|2020-06-03|4311.0|581.0|3000.0|730.0|303.0|44.0|163.0|96.0|||||2020-06-04
Mexico|TABASCO|2020-06-03|4609.0|562.0|3060.0|987.0|286.0|29.0|123.0|134.0|||||2020-06-04
Mexico|BAJA CALIFORNIA|2020-06-03|5231.0|879.0|3830.0|522.0|104.0|8.0|129.0|-33.0|||||2020-06-04
Mexico|MEXICO|2020-06-03|15720.0|1205.0|12585.0|1930.0|510.0|37.0|464.0|9.0|||||2020-06-04
Mexico|CIUDAD DE MEXICO|2020-06-03|26509.0|2850.0|19750.0|3909.0|722.0|137.0|651.0|-66.0|||||2020-06-04
Mexico|TOTAL|2020-06-03|97326.0|10637.0|69749.0|16940.0|3891.0|470.0|2784.0|637.0|||||2020-06-04
Mexico|COLIMA|2020-06-04|170.0|27.0|105.0|38.0|12.0|1.0|11.0|0.0|||||2020-06-04
Mexico|ZACATECAS|2020-06-04|322.0|39.0|216.0|67.0|11.0|1.0|7.0|3.0|||||2020-06-04
Mexico|DURANGO|2020-06-04|470.0|44.0|240.0|186.0|60.0|2.0|19.0|39.0|||||2020-06-04
Mexico|CAMPECHE|2020-06-04|635.0|94.0|422.0|119.0|23.0|2.0|24.0|-3.0|||||2020-06-04
Mexico|NAYARIT|2020-06-04|654.0|75.0|400.0|179.0|16.0|7.0|8.0|1.0|||||2020-06-04
Mexico|BAJA CALIFORNIA SUR|2020-06-04|698.0|35.0|547.0|116.0|38.0|0.0|18.0|20.0|||||2020-06-04
Mexico|AGUASCALIENTES|2020-06-04|939.0|36.0|650.0|253.0|49.0|1.0|34.0|14.0|||||2020-06-04
Mexico|QUERETARO|2020-06-04|1017.0|124.0|660.0|233.0|57.0|10.0|35.0|12.0|||||2020-06-04
Mexico|SAN LUIS POTOSI|2020-06-04|1026.0|57.0|689.0|280.0|42.0|0.0|45.0|-3.0|||||2020-06-04
Mexico|TLAXCALA|2020-06-04|1151.0|155.0|806.0|190.0|36.0|4.0|52.0|-20.0|||||2020-06-04
Mexico|COAHUILA DE ZARAGOZA|2020-06-04|1254.0|88.0|915.0|251.0|85.0|7.0|55.0|23.0|||||2020-06-04
Mexico|MORELOS|2020-06-04|1464.0|281.0|933.0|250.0|26.0|8.0|-10.0|28.0|||||2020-06-04
Mexico|NUEVO LEON|2020-06-04|1626.0|103.0|1147.0|376.0|103.0|4.0|25.0|74.0|||||2020-06-04
Mexico|CHIHUAHUA|2020-06-04|1731.0|358.0|1275.0|98.0|35.0|18.0|36.0|-19.0|||||2020-06-04
Mexico|OAXACA|2020-06-04|1771.0|198.0|1154.0|419.0|148.0|32.0|86.0|30.0|||||2020-06-04
Mexico|TAMAULIPAS|2020-06-04|1793.0|126.0|1335.0|332.0|63.0|10.0|59.0|-6.0|||||2020-06-04
Mexico|YUCATAN|2020-06-04|1961.0|193.0|1381.0|387.0|42.0|20.0|46.0|-24.0|||||2020-06-04
Mexico|GUANAJUATO|2020-06-04|2009.0|122.0|1108.0|779.0|137.0|6.0|56.0|75.0|||||2020-06-04
Mexico|QUINTANA ROO|2020-06-04|2010.0|393.0|1349.0|268.0|54.0|30.0|24.0|0.0|||||2020-06-04
Mexico|HIDALGO|2020-06-04|2011.0|365.0|1163.0|483.0|113.0|36.0|58.0|19.0|||||2020-06-04
Mexico|CHIAPAS|2020-06-04|2039.0|162.0|1283.0|594.0|26.0|16.0|85.0|-75.0|||||2020-06-04
Mexico|MICHOACAN DE OCAMPO|2020-06-04|2121.0|194.0|1534.0|393.0|99.0|19.0|79.0|1.0|||||2020-06-04
Mexico|GUERRERO|2020-06-04|2134.0|305.0|1594.0|235.0|82.0|19.0|91.0|-28.0|||||2020-06-04
Mexico|JALISCO|2020-06-04|2136.0|183.0|1163.0|790.0|111.0|16.0|47.0|48.0|||||2020-06-04
Mexico|SONORA|2020-06-04|2467.0|142.0|1875.0|450.0|133.0|10.0|134.0|-11.0|||||2020-06-04
Mexico|PUEBLA|2020-06-04|3446.0|433.0|2280.0|733.0|207.0|41.0|136.0|30.0|||||2020-06-04
Mexico|SINALOA|2020-06-04|3903.0|624.0|2687.0|592.0|204.0|76.0|127.0|1.0|||||2020-06-04
Mexico|VERACRUZ DE IGNACIO DE LA LLAVE|2020-06-04|4367.0|649.0|3085.0|633.0|56.0|68.0|85.0|-97.0|||||2020-06-04
Mexico|TABASCO|2020-06-04|4807.0|592.0|3258.0|957.0|198.0|30.0|198.0|-30.0|||||2020-06-04
Mexico|BAJA CALIFORNIA|2020-06-04|5460.0|1013.0|3905.0|542.0|229.0|134.0|75.0|20.0|||||2020-06-04
Mexico|MEXICO|2020-06-04|16320.0|1305.0|13000.0|2015.0|600.0|100.0|415.0|85.0|||||2020-06-04
Mexico|CIUDAD DE MEXICO|2020-06-04|27326.0|3214.0|20521.0|3591.0|817.0|364.0|771.0|-318.0|||||2020-06-04
Mexico|TOTAL|2020-06-04|101238.0|11729.0|72680.0|16829.0|3912.0|1092.0|2931.0|-111.0|||||2020-06-04
